<?xml version="1.0" encoding="UTF-8"?><?xml-stylesheet type='text/xsl' href='_UpgradeReport_Files/UpgradeReport.xslt'?><UpgradeLog>
<Properties><Property Name="Solution" Value="Html5">
</Property><Property Name="Solution File" Value="C:\Users\d.hume\Documents\Html5App\Html5\Html5.sln">
</Property><Property Name="Date" Value="08 November 2010">
</Property><Property Name="Time" Value="17:28">
</Property></Properties><Event ErrorLevel="0" Project="Html5" Source="Html5\Html5.csproj" Description="Project converted successfully">
</Event><Event ErrorLevel="3" Project="Html5" Source="Html5\Html5.csproj" Description="Converted">
</Event><Event ErrorLevel="0" Project="Html5.Test" Source="Html5.Test\Html5.Test.csproj" Description="Project converted successfully">
</Event><Event ErrorLevel="3" Project="Html5.Test" Source="Html5.Test\Html5.Test.csproj" Description="Converted">
</Event><Event ErrorLevel="0" Project="Example" Source="Example\Example.csproj" Description="Project converted successfully">
</Event><Event ErrorLevel="3" Project="Example" Source="Example\Example.csproj" Description="Converted">
</Event><Event ErrorLevel="0" Project="" Source="Html5.sln" Description="Solution converted successfully">
</Event><Event ErrorLevel="3" Project="" Source="Html5.sln" Description="Converted">
</Event><Event ErrorLevel="0" Project="Html5" Source="Html5\Html5.csproj" Description="Scan complete: Upgrade not required for project files.">
</Event><Event ErrorLevel="0" Project="Html5.Test" Source="Html5.Test\Html5.Test.csproj" Description="Scan complete: Upgrade not required for project files.">
</Event><Event ErrorLevel="0" Project="Example" Source="Example\Example.csproj" Description="Scan complete: Upgrade not required for project files.">
</Event></UpgradeLog>